Repository,Dependabot.yml
.github,No
.github-private,No
13-jul-test,No
18-nov,No
25-feb-demo,No
GitHub-Actions-Issue-Ops-Starter,No
aas,No
abc,No
actions-runner-controller,No
bbc,No
cache-testing,No
checkout,No
demo-ci-cd,No
demo-environment-secrets,No
demo-environments-secrets,No
demo-worfklow-templates,No
demo-workflow-syntax,No
dependabot-usage-report,Yes
fork-test,No
fork-trigger,No
fork-trigger-1,No
gh-auth,No
gh-cli,No
github-event-action,No
hub,No
internal-test,No
issue-ops-June-15-2,No
issue-ops-demo-1,No
issue-ops-demo-june15,No
issue-ops-starter,No
issue-ops-test-1,No
issue-ops-test-2,No
javascript-action,Yes
jq-test,No
my-rails-app,No
new-content,No
new-repo-for-js,No
new-repo-for-specific-team,No
new-repo-issue-ops,No
new-repo-splunk,No
octoshift-wiki-test-6,No
oidc,No
org-owner-team,Yes
org-repos-last-contribution,No
original-fork,No
private-go-cross-org,No
public-test,No
publish-package,No
python-container-action,No
repo-creator,No
repo-creator-issue-ops,No
repo-creator-test,No
repo-creator-test-1,No
repo-creator-test-2,No
repo-sync-template-source-4,No
repo-sync-template-target,No
repo-templates-report,Yes
report-no-admin-repos,Yes
repos-with-no-admin,No
reusable-demo,No
run-reports,No
share-workflow-artifacts,No
sharing-artifacts-demo,No
status-check-demo,No
successful-workflow,No
team-management,No
team-permission-report,Yes
template-repo,No
terraform,No
test,No
test-Jun-15,No
update-commit-message,No
update-workflows-with-pr,No
use-python-action,No
valet-import,No
vault-oidc,No
workflow-test,No
yarn,No
